,Image,Detections,Confidence %,TP,FP,Acc TP,Acc FP,Precision,Recall
0,Image 33,palace of the 55 windows,100.0,1,0,1,0,1.0,0.001440922190201729
1,Image 252,palace of the 55 windows,100.0,1,0,2,0,1.0,0.002881844380403458
2,Image 17,vastala temple,100.0,1,0,3,0,1.0,0.004322766570605188
3,Image 230,narayan temple,100.0,1,0,4,0,1.0,0.005763688760806916
4,Image 255,chayasilin mandap,100.0,1,0,5,0,1.0,0.007204610951008645
5,Image 324,siddhi lakshmi temple,100.0,1,0,6,0,1.0,0.008645533141210375
6,Image 69,bhimeleshvara,100.0,1,0,7,0,1.0,0.010086455331412104
7,Image 260,palace of the 55 windows,100.0,1,0,8,0,1.0,0.011527377521613832
8,Image 322,narayan temple,99.99998807907104,1,0,9,0,1.0,0.012968299711815562
9,Image 281,indrapura,99.99998807907104,1,0,10,0,1.0,0.01440922190201729
10,Image 5,taleju temple,99.99998807907104,1,0,11,0,1.0,0.01585014409221902
11,Image 146,taleju temple,99.99998807907104,1,0,12,0,1.0,0.01729106628242075
12,Image 181,taleju bell_KDS,99.99997615814209,1,0,13,0,1.0,0.018731988472622477
13,Image 245,palace of the 55 windows,99.99997615814209,1,0,14,0,1.0,0.020172910662824207
14,Image 206,trailokya mohan,99.99997615814209,1,0,15,0,1.0,0.021613832853025938
15,Image 292,bhuvana lakshmeshvara,99.99997615814209,1,0,16,0,1.0,0.023054755043227664
16,Image 268,basantapur tower,99.99997615814209,1,0,17,0,1.0,0.024495677233429394
17,Image 354,gaddi durbar,99.99997615814209,1,0,18,0,1.0,0.025936599423631124
18,Image 236,taleju temple,99.99997615814209,1,0,19,0,1.0,0.027377521613832854
19,Image 307,golden gate,99.99997615814209,1,0,20,0,1.0,0.02881844380403458
20,Image 255,siddhi lakshmi temple,99.99997615814209,1,0,21,0,1.0,0.03025936599423631
21,Image 244,chayasilin mandap,99.99997615814209,1,0,22,0,1.0,0.03170028818443804
22,Image 210,bhimeleshvara,99.99997615814209,1,0,23,0,1.0,0.03314121037463977
23,Image 33,chayasilin mandap,99.99996423721313,1,0,24,0,1.0,0.0345821325648415
24,Image 325,chayasilin mandap,99.99996423721313,1,0,25,0,1.0,0.03602305475504323
25,Image 68,bhimeleshvara,99.99996423721313,1,0,26,0,1.0,0.037463976945244955
26,Image 229,jagannatha temple,99.99996423721313,1,0,27,0,1.0,0.03890489913544669
27,Image 227,jagannatha temple,99.99996423721313,1,0,28,0,1.0,0.040345821325648415
28,Image 7,taleju temple,99.99996423721313,1,0,29,0,1.0,0.04178674351585014
29,Image 262,basantapur tower,99.99996423721313,1,0,30,0,1.0,0.043227665706051875
30,Image 71,kasthamandap,99.99996423721313,1,0,31,0,1.0,0.0446685878962536
31,Image 17,chayasilin mandap,99.99995231628418,1,0,32,0,1.0,0.04610951008645533
32,Image 197,basantapur tower,99.99995231628418,1,0,33,0,1.0,0.04755043227665706
33,Image 341,bhuvana lakshmeshvara,99.99995231628418,1,0,34,0,1.0,0.04899135446685879
34,Image 188,taleju temple,99.99994039535522,1,0,35,0,1.0,0.05043227665706052
35,Image 212,kasthamandap,99.99992847442627,1,0,36,0,1.0,0.05187319884726225
36,Image 238,narayan temple,99.99992847442627,1,0,37,0,1.0,0.053314121037463975
37,Image 267,basantapur tower,99.99992847442627,1,0,38,0,1.0,0.05475504322766571
38,Image 144,kala-bhairava,99.99991655349731,1,0,39,0,1.0,0.056195965417867436
39,Image 256,palace of the 55 windows,99.99991655349731,1,0,40,0,1.0,0.05763688760806916
40,Image 196,lalitpur tower,99.99991655349731,1,0,41,0,1.0,0.059077809798270896
41,Image 138,chasin dega,99.99990463256836,1,0,42,0,1.0,0.06051873198847262
42,Image 145,taleju temple,99.99990463256836,1,0,43,0,1.0,0.06195965417867435
43,Image 211,bhimeleshvara,99.99990463256836,1,0,44,0,1.0,0.06340057636887608
44,Image 329,palace of the 55 windows,99.99990463256836,1,0,45,0,1.0,0.06484149855907781
45,Image 276,kala-bhairava,99.99990463256836,1,0,46,0,1.0,0.06628242074927954
46,Image 258,palace of the 55 windows,99.9998927116394,1,0,47,0,1.0,0.06772334293948126
47,Image 336,palace of the 55 windows,99.9998927116394,1,0,48,0,1.0,0.069164265129683
48,Image 203,gaddi durbar,99.99988079071045,1,0,49,0,1.0,0.07060518731988473
49,Image 325,taleju bell_BDS,99.99988079071045,1,0,50,0,1.0,0.07204610951008646
50,Image 201,gaddi durbar,99.99985694885254,1,0,51,0,1.0,0.07348703170028818
51,Image 289,taleju temple,99.99985694885254,1,0,52,0,1.0,0.07492795389048991
52,Image 335,jagannatha temple,99.99985694885254,1,0,53,0,1.0,0.07636887608069164
53,Image 339,basantapur tower,99.99984502792358,1,0,54,0,1.0,0.07780979827089338
54,Image 166,bhimeleshvara,99.99984502792358,1,0,55,0,1.0,0.0792507204610951
55,Image 10,taleju temple,99.99984502792358,1,0,56,0,1.0,0.08069164265129683
56,Image 235,taleju temple,99.99984502792358,1,0,57,0,1.0,0.08213256484149856
57,Image 228,shveta bhairava,99.99984502792358,1,0,58,0,1.0,0.08357348703170028
58,Image 314,chayasilin mandap,99.99983310699463,1,0,59,0,1.0,0.08501440922190202
59,Image 147,taleju temple,99.99983310699463,1,0,60,0,1.0,0.08645533141210375
60,Image 202,trailokya mohan,99.99982118606567,1,0,61,0,1.0,0.08789625360230548
61,Image 13,taleju temple,99.99982118606567,1,0,62,0,1.0,0.0893371757925072
62,Image 217,simha sattal,99.99982118606567,1,0,63,0,1.0,0.09077809798270893
63,Image 39,palace of the 55 windows,99.99982118606567,1,0,64,0,1.0,0.09221902017291066
64,Image 64,bhimeleshvara,99.99980926513672,1,0,65,0,1.0,0.0936599423631124
65,Image 336,taleju bell_BDS,99.99978542327881,1,0,66,0,1.0,0.09510086455331412
66,Image 291,trailokya mohan,99.99978542327881,1,0,67,0,1.0,0.09654178674351585
67,Image 159,lalitpur tower,99.99978542327881,1,0,68,0,1.0,0.09798270893371758
68,Image 259,palace of the 55 windows,99.99977350234985,1,0,69,0,1.0,0.0994236311239193
69,Image 351,degu tale temple_KDS,99.9997615814209,1,0,70,0,1.0,0.10086455331412104
70,Image 253,chayasilin mandap,99.9997615814209,1,0,71,0,1.0,0.10230547550432277
71,Image 134,taleju bell_KDS,99.99974966049194,1,0,72,0,1.0,0.1037463976945245
72,Image 167,kasthamandap,99.99973773956299,1,0,73,0,1.0,0.10518731988472622
73,Image 276,indrapura,99.99973773956299,1,0,74,0,1.0,0.10662824207492795
74,Image 33,vastala temple,99.99972581863403,1,0,75,0,1.0,0.10806916426512968
75,Image 224,kumari ghar,99.99972581863403,1,0,76,0,1.0,0.10951008645533142
76,Image 161,gaddi durbar,99.99972581863403,1,0,77,0,1.0,0.11095100864553314
77,Image 166,kasthamandap,99.99972581863403,1,0,78,0,1.0,0.11239193083573487
78,Image 12,taleju temple,99.99970197677612,1,0,79,0,1.0,0.1138328530259366
79,Image 174,bhuvana lakshmeshvara,99.99967813491821,1,0,80,0,1.0,0.11527377521613832
80,Image 290,kala-bhairava,99.99963045120239,1,0,81,0,1.0,0.11671469740634005
81,Image 3,kala-bhairava,99.99961853027344,1,0,82,0,1.0,0.11815561959654179
82,Image 343,taleju temple,99.99961853027344,1,0,83,0,1.0,0.11959654178674352
83,Image 348,nyatapola temple,99.99959468841553,1,0,84,0,1.0,0.12103746397694524
84,Image 15,taleju temple,99.99958276748657,1,0,85,0,1.0,0.12247838616714697
85,Image 254,palace of the 55 windows,99.99958276748657,1,0,86,0,1.0,0.1239193083573487
86,Image 16,jagannatha temple,99.9995470046997,1,0,87,0,1.0,0.12536023054755044
87,Image 282,trailokya mohan,99.9995470046997,1,0,88,0,1.0,0.12680115273775217
88,Image 314,palace of the 55 windows,99.9995470046997,1,0,89,0,1.0,0.1282420749279539
89,Image 253,vastala temple,99.9995470046997,1,0,90,0,1.0,0.12968299711815562
90,Image 168,kasthamandap,99.99953508377075,1,0,91,0,1.0,0.13112391930835735
91,Image 325,siddhi lakshmi temple,99.9995231628418,1,0,92,0,1.0,0.13256484149855907
92,Image 277,indrapura,99.99951124191284,1,0,93,0,1.0,0.1340057636887608
93,Image 183,narayan temple,99.99945163726807,1,0,94,0,1.0,0.13544668587896252
94,Image 240,basantapur tower,99.99945163726807,1,0,95,0,1.0,0.13688760806916425
95,Image 324,chayasilin mandap,99.99942779541016,1,0,96,0,1.0,0.138328530259366
96,Image 288,jagannatha temple,99.9994158744812,1,0,97,0,1.0,0.13976945244956773
97,Image 259,chayasilin mandap,99.9994158744812,1,0,98,0,1.0,0.14121037463976946
98,Image 323,palace of the 55 windows,99.99940395355225,1,0,99,0,1.0,0.14265129682997119
99,Image 61,gaddi durbar,99.99939203262329,1,0,100,0,1.0,0.1440922190201729
100,Image 221,simha sattal,99.99939203262329,1,0,101,0,1.0,0.14553314121037464
101,Image 177,shiva temple,99.99936819076538,1,0,102,0,1.0,0.14697406340057637
102,Image 314,taleju bell_BDS,99.99936819076538,1,0,103,0,1.0,0.1484149855907781
103,Image 254,vastala temple,99.99934434890747,1,0,104,0,1.0,0.14985590778097982
104,Image 8,taleju temple,99.99929666519165,1,0,105,0,1.0,0.15129682997118155
105,Image 185,kala-bhairava,99.99929666519165,1,0,106,0,1.0,0.15273775216138327
106,Image 247,kedamatha tirtha,99.9992847442627,1,0,107,0,1.0,0.15417867435158503
107,Image 166,garud,99.9992847442627,1,0,108,0,1.0,0.15561959654178675
108,Image 266,basantapur tower,99.99926090240479,1,0,109,0,1.0,0.15706051873198848
109,Image 350,trailokya mohan,99.99924898147583,1,0,110,0,1.0,0.1585014409221902
110,Image 272,gaddi durbar,99.99923706054688,1,0,111,0,1.0,0.15994236311239193
111,Image 310,palace of the 55 windows,99.99921321868896,1,0,112,0,1.0,0.16138328530259366
112,Image 137,taleju bell_KDS,99.99920129776001,1,0,113,0,1.0,0.1628242074927954
113,Image 323,golden gate,99.99920129776001,1,0,114,0,1.0,0.1642651296829971
114,Image 142,narayan temple,99.99918937683105,1,0,115,0,1.0,0.16570605187319884
115,Image 224,gaddi durbar,99.99916553497314,1,0,116,0,1.0,0.16714697406340057
116,Image 294,degu tale temple_KDS,99.99916553497314,1,0,117,0,1.0,0.1685878962536023
117,Image 57,palace of the 55 windows,99.99915361404419,1,0,118,0,1.0,0.17002881844380405
118,Image 260,vastala temple,99.99915361404419,1,0,119,0,1.0,0.17146974063400577
119,Image 245,taleju bell_BDS,99.99915361404419,1,0,120,0,1.0,0.1729106628242075
120,Image 219,kavindrapura sattal,99.99912977218628,1,0,121,0,1.0,0.17435158501440923
121,Image 1,trailokya mohan,99.99909400939941,1,0,122,0,1.0,0.17579250720461095
122,Image 2,basantapur tower,99.99908208847046,1,0,123,0,1.0,0.17723342939481268
123,Image 38,vastala temple,99.99905824661255,1,0,124,0,1.0,0.1786743515850144
124,Image 289,panchamukhi hanuman,99.9990463256836,1,0,125,0,1.0,0.18011527377521613
125,Image 0,trailokya mohan,99.99903440475464,1,0,126,0,1.0,0.18155619596541786
126,Image 323,chayasilin mandap,99.99896287918091,1,0,127,0,1.0,0.1829971181556196
127,Image 252,vastala temple,99.99896287918091,1,0,128,0,1.0,0.1844380403458213
128,Image 173,trailokya mohan,99.998939037323,1,0,129,0,1.0,0.18587896253602307
129,Image 210,trailokya mohan,99.99891519546509,1,0,130,0,1.0,0.1873198847262248
130,Image 276,taleju temple,99.99891519546509,1,0,131,0,1.0,0.18876080691642652
131,Image 200,gaddi durbar,99.99891519546509,1,0,132,0,1.0,0.19020172910662825
132,Image 336,bhupatindra malla column,99.99890327453613,1,0,133,0,1.0,0.19164265129682997
133,Image 170,simha sattal,99.99886751174927,1,0,134,0,1.0,0.1930835734870317
134,Image 322,indrapura,99.99881982803345,1,0,135,0,1.0,0.19452449567723343
135,Image 95,kavindrapura sattal,99.99880790710449,1,0,136,0,1.0,0.19596541786743515
136,Image 220,simha sattal,99.99877214431763,1,0,137,0,1.0,0.19740634005763688
137,Image 326,bhupatindra malla column,99.99876022338867,1,0,138,0,1.0,0.1988472622478386
138,Image 325,vastala temple,99.99873638153076,1,0,139,0,1.0,0.20028818443804033
139,Image 286,vishnu temple,99.9987244606018,1,0,140,0,1.0,0.2017291066282421
140,Image 286,bhuvana lakshmeshvara,99.9987006187439,1,0,141,0,1.0,0.20317002881844382
141,Image 213,gaddi durbar,99.99867677688599,1,0,142,0,1.0,0.20461095100864554
142,Image 251,badrinath temple,99.99866485595703,1,0,143,0,1.0,0.20605187319884727
143,Image 328,golden gate,99.99865293502808,1,0,144,0,1.0,0.207492795389049
144,Image 306,chayasilin mandap,99.99864101409912,1,0,145,0,1.0,0.20893371757925072
145,Image 327,palace of the 55 windows,99.99862909317017,1,0,146,0,1.0,0.21037463976945245
146,Image 9,taleju temple,99.99860525131226,1,0,147,0,1.0,0.21181556195965417
147,Image 320,palace of the 55 windows,99.99858140945435,1,0,148,0,1.0,0.2132564841498559
148,Image 170,kasthamandap,99.99858140945435,1,0,149,0,1.0,0.21469740634005763
149,Image 279,indrapura,99.99855756759644,1,0,150,0,1.0,0.21613832853025935
150,Image 285,kasthamandap,99.99850988388062,1,0,151,0,1.0,0.21757925072046108
151,Image 158,lalitpur tower,99.99849796295166,1,0,152,0,1.0,0.21902017291066284
152,Image 6,taleju temple,99.9984860420227,1,0,153,0,1.0,0.22046109510086456
153,Image 40,golden gate,99.99847412109375,1,0,154,0,1.0,0.2219020172910663
154,Image 321,national gallery,99.99847412109375,1,0,155,0,1.0,0.22334293948126802
155,Image 73,kasthamandap,99.99841451644897,1,0,156,0,1.0,0.22478386167146974
156,Image 317,mahadev temple,99.99840259552002,1,0,157,0,1.0,0.22622478386167147
157,Image 139,jagannatha temple,99.9983549118042,1,0,158,0,1.0,0.2276657060518732
158,Image 1,kumari ghar,99.9983549118042,1,0,159,0,1.0,0.22910662824207492
159,Image 143,kala-bhairava,99.99829530715942,1,0,160,0,1.0,0.23054755043227665
160,Image 253,palace of the 55 windows,99.99825954437256,1,0,161,0,1.0,0.23198847262247838
161,Image 327,golden gate,99.9982476234436,1,0,162,0,1.0,0.2334293948126801
162,Image 259,siddhi lakshmi temple,99.99823570251465,1,0,163,0,1.0,0.23487031700288186
163,Image 274,kumari ghar,99.99819993972778,1,0,164,0,1.0,0.23631123919308358
164,Image 72,simha sattal,99.99810457229614,1,0,165,0,1.0,0.2377521613832853
165,Image 74,shiva temple,99.99805688858032,1,0,166,0,1.0,0.23919308357348704
166,Image 207,kasthamandap,99.99805688858032,1,0,167,0,1.0,0.24063400576368876
167,Image 332,fasidega temple,99.99804496765137,1,0,168,0,1.0,0.2420749279538905
168,Image 252,golden gate,99.99802112579346,1,0,169,0,1.0,0.24351585014409222
169,Image 11,taleju temple,99.99797344207764,1,0,170,0,1.0,0.24495677233429394
170,Image 264,basantapur tower,99.99797344207764,1,0,171,0,1.0,0.24639769452449567
171,Image 190,taleju temple,99.99796152114868,1,0,172,0,1.0,0.2478386167146974
172,Image 291,kumari ghar,99.99785423278809,1,0,173,0,1.0,0.24927953890489912
173,Image 174,vishnu temple,99.99784231185913,1,0,174,0,1.0,0.2507204610951009
174,Image 171,shiva temple,99.99780654907227,1,0,175,0,1.0,0.2521613832853026
175,Image 269,gaddi durbar,99.99778270721436,1,0,176,0,1.0,0.25360230547550433
176,Image 160,lalitpur tower,99.99775886535645,1,0,177,0,1.0,0.25504322766570603
177,Image 27,taleju bell_BDS,99.99774694442749,1,0,178,0,1.0,0.2564841498559078
178,Image 202,kumari ghar,99.99772310256958,0,1,178,1,0.994413407821229,0.2564841498559078
179,Image 269,basantapur tower,99.99771118164062,1,0,179,1,0.9944444444444445,0.2579250720461095
180,Image 40,palace of the 55 windows,99.99767541885376,1,0,180,1,0.994475138121547,0.25936599423631124
181,Image 256,vastala temple,99.99767541885376,1,0,181,1,0.9945054945054945,0.260806916426513
182,Image 54,badrinath temple,99.99756813049316,1,0,182,1,0.994535519125683,0.2622478386167147
183,Image 0,kumari ghar,99.9975323677063,1,0,183,1,0.9945652173913043,0.26368876080691644
184,Image 27,palace of the 55 windows,99.99750852584839,1,0,184,1,0.9945945945945946,0.26512968299711814
185,Image 205,gaddi durbar,99.99748468399048,1,0,185,1,0.9946236559139785,0.2665706051873199
186,Image 42,gopinath krishna temple,99.99748468399048,1,0,186,1,0.9946524064171123,0.2680115273775216
187,Image 279,taleju temple,99.99746084213257,1,0,187,1,0.9946808510638298,0.26945244956772335
188,Image 167,bhimeleshvara,99.9974250793457,1,0,188,1,0.9947089947089947,0.27089337175792505
189,Image 173,kumari ghar,99.99737739562988,1,0,189,1,0.9947368421052631,0.2723342939481268
190,Image 191,taleju temple,99.99734163284302,1,0,190,1,0.9947643979057592,0.2737752161383285
191,Image 28,palace of the 55 windows,99.99731779098511,1,0,191,1,0.9947916666666666,0.27521613832853026
192,Image 202,gaddi durbar,99.99719858169556,1,0,192,1,0.9948186528497409,0.276657060518732
193,Image 212,bhimeleshvara,99.99716281890869,1,0,193,1,0.9948453608247423,0.2780979827089337
194,Image 222,kavindrapura sattal,99.99710321426392,1,0,194,1,0.9948717948717949,0.27953890489913547
195,Image 148,taleju temple,99.9969482421875,1,0,195,1,0.9948979591836735,0.28097982708933716
196,Image 165,garud,99.99693632125854,1,0,196,1,0.9949238578680203,0.2824207492795389
197,Image 316,jagannatha temple,99.99688863754272,1,0,197,1,0.9949494949494949,0.2838616714697406
198,Image 212,garud,99.9968409538269,1,0,198,1,0.9949748743718593,0.28530259365994237
199,Image 254,chayasilin mandap,99.9967098236084,1,0,199,1,0.995,0.28674351585014407
200,Image 165,bhimeleshvara,99.99667406082153,1,0,200,1,0.9950248756218906,0.2881844380403458
201,Image 16,kala-bhairava,99.99666213989258,1,0,201,1,0.995049504950495,0.2896253602305475
202,Image 237,panchamukhi hanuman,99.99665021896362,1,0,202,1,0.9950738916256158,0.2910662824207493
203,Image 238,degu tale temple_KDS,99.9966025352478,1,0,203,1,0.9950980392156863,0.29250720461095103
204,Image 317,palace of the 55 windows,99.99659061431885,1,0,204,1,0.9951219512195122,0.29394812680115273
205,Image 251,kedamatha tirtha,99.99651908874512,1,0,205,1,0.9951456310679612,0.2953890489913545
206,Image 179,shiva temple,99.99644756317139,1,0,206,1,0.9951690821256038,0.2968299711815562
207,Image 169,trailokya mohan,99.99642372131348,1,0,207,1,0.9951923076923077,0.29827089337175794
208,Image 238,indrapura,99.99634027481079,1,0,208,1,0.9952153110047847,0.29971181556195964
209,Image 184,kala-bhairava,99.99631643295288,1,0,209,1,0.9952380952380953,0.3011527377521614
210,Image 306,vastala temple,99.99628067016602,1,0,210,1,0.995260663507109,0.3025936599423631
211,Image 283,garud,99.99624490737915,1,0,211,1,0.9952830188679245,0.30403458213256485
212,Image 238,kala-bhairava,99.99622106552124,1,0,212,1,0.9953051643192489,0.30547550432276654
213,Image 175,jagannatha temple,99.99619722366333,1,0,213,1,0.9953271028037384,0.3069164265129683
214,Image 286,taleju temple,99.99614953994751,1,0,214,1,0.9953488372093023,0.30835734870317005
215,Image 252,siddhi lakshmi temple,99.99600648880005,1,0,215,1,0.9953703703703703,0.30979827089337175
216,Image 164,garud,99.99594688415527,1,0,216,1,0.9953917050691244,0.3112391930835735
217,Image 221,kavindrapura sattal,99.99592304229736,1,0,217,1,0.9954128440366973,0.3126801152737752
218,Image 257,bhimsen temple,99.9958872795105,1,0,218,1,0.9954337899543378,0.31412103746397696
219,Image 169,garud,99.99585151672363,1,0,219,1,0.9954545454545455,0.31556195965417866
220,Image 281,bhuvana lakshmeshvara,99.99575614929199,1,0,220,1,0.995475113122172,0.3170028818443804
221,Image 219,kasthamandap,99.99569654464722,1,0,221,1,0.9954954954954955,0.3184438040345821
222,Image 296,dattatreya temple,99.99555349349976,1,0,222,1,0.9955156950672646,0.31988472622478387
223,Image 351,shveta bhairava,99.9955415725708,1,0,223,1,0.9955357142857143,0.32132564841498557
224,Image 203,trailokya mohan,99.99527931213379,1,0,224,1,0.9955555555555555,0.3227665706051873
225,Image 98,kavindrapura sattal,99.99520778656006,1,0,225,1,0.995575221238938,0.3242074927953891
226,Image 280,kumari ghar,99.99518394470215,1,0,226,1,0.9955947136563876,0.3256484149855908
227,Image 215,simha sattal,99.99511241912842,1,0,227,1,0.9956140350877193,0.3270893371757925
228,Image 314,national gallery,99.99480247497559,1,0,228,1,0.9956331877729258,0.3285302593659942
229,Image 324,taleju bell_BDS,99.99454021453857,1,0,229,1,0.9956521739130435,0.329971181556196
230,Image 352,kala-bhairava,99.99440908432007,1,0,230,1,0.9956709956709957,0.3314121037463977
231,Image 70,kasthamandap,99.99438524246216,1,0,231,1,0.9956896551724138,0.33285302593659943
232,Image 211,kasthamandap,99.9943733215332,1,0,232,1,0.9957081545064378,0.33429394812680113
233,Image 213,bhagavati temple,99.99425411224365,1,0,233,1,0.9957264957264957,0.3357348703170029
234,Image 162,basantapur tower,99.99419450759888,1,0,234,1,0.9957446808510638,0.3371757925072046
235,Image 312,national gallery,99.99414682388306,1,0,235,1,0.9957627118644068,0.33861671469740634
236,Image 354,basantapur tower,99.9940276145935,1,0,236,1,0.9957805907172996,0.3400576368876081
237,Image 222,simha sattal,99.99393224716187,1,0,237,1,0.9957983193277311,0.3414985590778098
238,Image 329,golden gate,99.99392032623291,0,1,237,2,0.9916317991631799,0.3414985590778098
239,Image 297,dattatreya temple,99.99390840530396,1,0,238,2,0.9916666666666667,0.34293948126801155
240,Image 178,shiva temple,99.99387264251709,1,0,239,2,0.991701244813278,0.34438040345821325
241,Image 308,gopinath krishna temple,99.99382495880127,1,0,240,2,0.9917355371900827,0.345821325648415
242,Image 214,kasthamandap,99.9936580657959,1,0,241,2,0.9917695473251029,0.3472622478386167
243,Image 164,kasthamandap,99.99364614486694,1,0,242,2,0.9918032786885246,0.34870317002881845
244,Image 165,kasthamandap,99.9934434890747,1,0,243,2,0.9918367346938776,0.35014409221902015
245,Image 247,gopinath krishna temple,99.99332427978516,1,0,244,2,0.991869918699187,0.3515850144092219
246,Image 194,lalitpur tower,99.99325275421143,1,0,245,2,0.9919028340080972,0.3530259365994236
247,Image 31,bhupatindra malla column,99.99282360076904,1,0,246,2,0.9919354838709677,0.35446685878962536
248,Image 201,trailokya mohan,99.99269247055054,1,0,247,2,0.9919678714859438,0.3559077809798271
249,Image 332,nyatapola temple,99.99260902404785,1,0,248,2,0.992,0.3573487031700288
250,Image 3,degu tale temple_KDS,99.99252557754517,1,0,249,2,0.9920318725099602,0.35878962536023057
251,Image 206,bhimeleshvara,99.9923825263977,1,0,250,2,0.9920634920634921,0.36023054755043227
252,Image 347,taleju bell_KDS,99.99223947525024,1,0,251,2,0.9920948616600791,0.361671469740634
253,Image 333,fasidega temple,99.99219179153442,1,0,252,2,0.9921259842519685,0.3631123919308357
254,Image 326,taleju bell_BDS,99.9921202659607,1,0,253,2,0.9921568627450981,0.3645533141210375
255,Image 189,taleju temple,99.99203681945801,1,0,254,2,0.9921875,0.3659942363112392
256,Image 353,narayan temple,99.99188184738159,1,0,255,2,0.9922178988326849,0.36743515850144093
257,Image 323,siddhi lakshmi temple,99.99175071716309,1,0,256,2,0.9922480620155039,0.3688760806916426
258,Image 220,kavindrapura sattal,99.99113082885742,1,0,257,2,0.9922779922779923,0.3703170028818444
259,Image 253,siddhi lakshmi temple,99.99079704284668,1,0,258,2,0.9923076923076923,0.37175792507204614
260,Image 156,lalitpur tower,99.99061822891235,1,0,259,2,0.9923371647509579,0.37319884726224783
261,Image 208,kasthamandap,99.98985528945923,1,0,260,2,0.9923664122137404,0.3746397694524496
262,Image 229,narayan temple,99.98981952667236,0,1,260,3,0.9885931558935361,0.3746397694524496
263,Image 4,jagannatha temple,99.98974800109863,1,0,261,3,0.9886363636363636,0.3760806916426513
264,Image 208,trailokya mohan,99.98973608016968,1,0,262,3,0.9886792452830189,0.37752161383285304
265,Image 333,nyatapola temple,99.98971223831177,1,0,263,3,0.9887218045112782,0.37896253602305474
266,Image 209,bhimeleshvara,99.98970031738281,1,0,264,3,0.9887640449438202,0.3804034582132565
267,Image 278,kumari ghar,99.98942613601685,1,0,265,3,0.9888059701492538,0.3818443804034582
268,Image 158,bhaktapur tower,99.98917579650879,0,1,265,4,0.9851301115241635,0.3818443804034582
269,Image 260,chayasilin mandap,99.98911619186401,1,0,266,4,0.9851851851851852,0.38328530259365995
270,Image 199,lalitpur tower,99.98897314071655,1,0,267,4,0.985239852398524,0.38472622478386165
271,Image 271,gaddi durbar,99.98865127563477,1,0,268,4,0.9852941176470589,0.3861671469740634
272,Image 211,garud,99.98801946640015,1,0,269,4,0.9853479853479854,0.38760806916426516
273,Image 352,narayan temple,99.9875545501709,1,0,270,4,0.9854014598540146,0.38904899135446686
274,Image 244,taleju bell_BDS,99.98745918273926,1,0,271,4,0.9854545454545455,0.3904899135446686
275,Image 277,bhuvana lakshmeshvara,99.98728036880493,1,0,272,4,0.9855072463768116,0.3919308357348703
276,Image 261,bhupatindra malla column,99.98713731765747,1,0,273,4,0.9855595667870036,0.39337175792507206
277,Image 248,gopinath krishna temple,99.98661279678345,1,0,274,4,0.9856115107913669,0.39481268011527376
278,Image 345,jagannatha temple,99.98650550842285,1,0,275,4,0.985663082437276,0.3962536023054755
279,Image 66,trailokya mohan,99.98630285263062,1,0,276,4,0.9857142857142858,0.3976945244956772
280,Image 30,siddhi lakshmi temple,99.98607635498047,1,0,277,4,0.9857651245551602,0.39913544668587897
281,Image 141,hanuman idol,99.98589754104614,1,0,278,4,0.9858156028368794,0.40057636887608067
282,Image 50,gopinath krishna temple,99.98577833175659,1,0,279,4,0.9858657243816255,0.4020172910662824
283,Image 42,mahadev temple,99.98435974121094,1,0,280,4,0.9859154929577465,0.4034582132564842
284,Image 270,gaddi durbar,99.98403787612915,1,0,281,4,0.9859649122807017,0.4048991354466859
285,Image 75,simha sattal,99.98370409011841,1,0,282,4,0.986013986013986,0.40634005763688763
286,Image 218,simha sattal,99.9832272529602,1,0,283,4,0.9860627177700348,0.40778097982708933
287,Image 243,chayasilin mandap,99.98310804367065,1,0,284,4,0.9861111111111112,0.4092219020172911
288,Image 256,taleju bell_BDS,99.98303651809692,1,0,285,4,0.986159169550173,0.4106628242074928
289,Image 254,siddhi lakshmi temple,99.9829649925232,1,0,286,4,0.9862068965517241,0.41210374639769454
290,Image 60,lalitpur tower,99.98260140419006,1,0,287,4,0.9862542955326461,0.41354466858789624
291,Image 244,vastala temple,99.98177886009216,1,0,288,4,0.9863013698630136,0.414985590778098
292,Image 196,bhaktapur tower,99.98162388801575,1,0,289,4,0.9863481228668942,0.4164265129682997
293,Image 259,national gallery,99.98154044151306,1,0,290,4,0.9863945578231292,0.41786743515850144
294,Image 158,gaddi durbar,99.98132586479187,0,1,290,5,0.9830508474576272,0.41786743515850144
295,Image 284,bhimeleshvara,99.98086094856262,1,0,291,5,0.9831081081081081,0.41930835734870314
296,Image 354,lalitpur tower,99.97990727424622,1,0,292,5,0.9831649831649831,0.4207492795389049
297,Image 207,trailokya mohan,99.97989535331726,1,0,293,5,0.9832214765100671,0.42219020172910665
298,Image 65,trailokya mohan,99.97968077659607,1,0,294,5,0.9832775919732442,0.42363112391930835
299,Image 232,kala-bhairava,99.97944235801697,1,0,295,5,0.9833333333333333,0.4250720461095101
300,Image 52,nyatapola temple,99.97932314872742,1,0,296,5,0.9833887043189369,0.4265129682997118
301,Image 258,national gallery,99.97838139533997,1,0,297,5,0.9834437086092715,0.42795389048991356
302,Image 288,narayan temple,99.97820258140564,1,0,298,5,0.9834983498349835,0.42939481268011526
303,Image 269,lalitpur tower,99.97714161872864,1,0,299,5,0.9835526315789473,0.430835734870317
304,Image 200,trailokya mohan,99.97692704200745,1,0,300,5,0.9836065573770492,0.4322766570605187
305,Image 261,palace of the 55 windows,99.97661709785461,1,0,301,5,0.9836601307189542,0.43371757925072046
306,Image 197,lalitpur tower,99.97625946998596,1,0,302,5,0.9837133550488599,0.43515850144092216
307,Image 30,palace of the 55 windows,99.97571110725403,1,0,303,5,0.9837662337662337,0.4365994236311239
308,Image 255,bhupatindra malla column,99.97376799583435,1,0,304,5,0.9838187702265372,0.43804034582132567
309,Image 281,taleju temple,99.97327923774719,1,0,305,5,0.9838709677419355,0.43948126801152737
310,Image 283,kasthamandap,99.97277855873108,1,0,306,5,0.9839228295819936,0.4409221902017291
311,Image 268,gaddi durbar,99.97227787971497,1,0,307,5,0.9839743589743589,0.4423631123919308
312,Image 83,simha sattal,99.97027516365051,1,0,308,5,0.9840255591054313,0.4438040345821326
313,Image 56,golden gate,99.97021555900574,1,0,309,5,0.9840764331210191,0.4452449567723343
314,Image 250,gopinath krishna temple,99.96891021728516,1,0,310,5,0.9841269841269841,0.44668587896253603
315,Image 227,pratap malla column,99.96875524520874,0,1,310,6,0.9810126582278481,0.44668587896253603
316,Image 255,vastala temple,99.96874332427979,1,0,311,6,0.9810725552050473,0.44812680115273773
317,Image 62,kumari ghar,99.9681830406189,1,0,312,6,0.9811320754716981,0.4495677233429395
318,Image 249,gopinath krishna temple,99.96801614761353,1,0,313,6,0.9811912225705329,0.4510086455331412
319,Image 245,vastala temple,99.96799230575562,1,0,314,6,0.98125,0.45244956772334294
320,Image 261,national gallery,99.9678373336792,1,0,315,6,0.9813084112149533,0.4538904899135447
321,Image 340,vishnu temple,99.96572732925415,1,0,316,6,0.9813664596273292,0.4553314121037464
322,Image 35,siddhi lakshmi temple,99.96495246887207,1,0,317,6,0.9814241486068112,0.45677233429394815
323,Image 317,siddhi lakshmi temple,99.96471405029297,1,0,318,6,0.9814814814814815,0.45821325648414984
324,Image 315,national gallery,99.96460676193237,1,0,319,6,0.9815384615384616,0.4596541786743516
325,Image 273,kumari ghar,99.96442794799805,1,0,320,6,0.9815950920245399,0.4610951008645533
326,Image 1,gaddi durbar,99.96424913406372,1,0,321,6,0.981651376146789,0.46253602305475505
327,Image 168,simha sattal,99.96343851089478,1,0,322,6,0.9817073170731707,0.46397694524495675
328,Image 244,bhupatindra malla column,99.96291399002075,1,0,323,6,0.9817629179331308,0.4654178674351585
329,Image 315,mahadev temple,99.9629020690918,1,0,324,6,0.9818181818181818,0.4668587896253602
330,Image 311,siddhi lakshmi temple,99.96228218078613,0,1,324,7,0.9788519637462235,0.4668587896253602
331,Image 228,degu tale temple_KDS,99.96209144592285,1,0,325,7,0.9789156626506024,0.46829971181556196
332,Image 337,kala-bhairava,99.96114373207092,1,0,326,7,0.978978978978979,0.4697406340057637
333,Image 199,basantapur tower,99.9606192111969,1,0,327,7,0.9790419161676647,0.4711815561959654
334,Image 305,palace of the 55 windows,99.96034502983093,1,0,328,7,0.9791044776119403,0.47262247838616717
335,Image 233,basantapur tower,99.95720982551575,1,0,329,7,0.9791666666666666,0.47406340057636887
336,Image 204,trailokya mohan,99.95693564414978,1,0,330,7,0.9792284866468842,0.4755043227665706
337,Image 230,indrapura,99.95664954185486,1,0,331,7,0.9792899408284024,0.4769452449567723
338,Image 229,kala-bhairava,99.955815076828,0,1,331,8,0.976401179941003,0.4769452449567723
339,Image 293,nyatapola temple,99.9543845653534,0,1,331,9,0.9735294117647059,0.4769452449567723
340,Image 277,taleju temple,99.95399713516235,1,0,332,9,0.9736070381231672,0.4783861671469741
341,Image 327,chayasilin mandap,99.95381832122803,1,0,333,9,0.9736842105263158,0.47982708933717577
342,Image 255,taleju bell_BDS,99.95371103286743,1,0,334,9,0.9737609329446064,0.4812680115273775
343,Image 294,shveta bhairava,99.94906187057495,1,0,335,9,0.9738372093023255,0.4827089337175792
344,Image 288,vishnu temple,99.94680285453796,1,0,336,9,0.9739130434782609,0.484149855907781
345,Image 263,gaddi durbar,99.94470477104187,1,0,337,9,0.9739884393063584,0.48559077809798273
346,Image 53,siddhi lakshmi temple,99.94465708732605,1,0,338,9,0.9740634005763689,0.48703170028818443
347,Image 314,siddhi lakshmi temple,99.94412064552307,1,0,339,9,0.9741379310344828,0.4884726224783862
348,Image 287,vishnu temple,99.94078874588013,1,0,340,9,0.9742120343839542,0.4899135446685879
349,Image 355,kumari ghar,99.93860721588135,1,0,341,9,0.9742857142857143,0.49135446685878964
350,Image 251,gopinath krishna temple,99.9382734298706,1,0,342,9,0.9743589743589743,0.49279538904899134
351,Image 342,vishnu temple,99.93305206298828,1,0,343,9,0.9744318181818182,0.4942363112391931
352,Image 331,fasidega temple,99.9316930770874,1,0,344,9,0.9745042492917847,0.4956772334293948
353,Image 195,lalitpur tower,99.92807507514954,1,0,345,9,0.9745762711864406,0.49711815561959655
354,Image 19,nyatapola temple,99.92417097091675,1,0,346,9,0.9746478873239437,0.49855907780979825
355,Image 258,chayasilin mandap,99.9232530593872,1,0,347,9,0.9747191011235955,0.5
356,Image 356,bhagavati temple,99.92183446884155,1,0,348,9,0.9747899159663865,0.5014409221902018
357,Image 330,taleju bell_BDS,99.91853833198547,1,0,349,9,0.9748603351955307,0.5028818443804035
358,Image 29,golden gate,99.91711378097534,1,0,350,9,0.9749303621169917,0.5043227665706052
359,Image 33,taleju bell_BDS,99.9157190322876,1,0,351,9,0.975,0.5057636887608069
360,Image 245,bhupatindra malla column,99.91528987884521,1,0,352,9,0.9750692520775623,0.5072046109510087
361,Image 4,pratap malla column,99.91416931152344,1,0,353,9,0.9751381215469613,0.5086455331412104
362,Image 44,narayan temple,99.91310238838196,1,0,354,9,0.9752066115702479,0.5100864553314121
363,Image 195,bhaktapur tower,99.91200566291809,1,0,355,9,0.9752747252747253,0.5115273775216138
364,Image 155,vishnu temple,99.90843534469604,1,0,356,9,0.9753424657534246,0.5129682997118156
365,Image 279,bhuvana lakshmeshvara,99.90682005882263,1,0,357,9,0.9754098360655737,0.5144092219020173
366,Image 67,trailokya mohan,99.90665316581726,1,0,358,9,0.9754768392370572,0.515850144092219
367,Image 321,vastala temple,99.90449547767639,1,0,359,9,0.9755434782608695,0.5172910662824207
368,Image 167,garud,99.90406632423401,1,0,360,9,0.975609756097561,0.5187319884726225
369,Image 161,basantapur tower,99.90273714065552,1,0,361,9,0.9756756756756757,0.5201729106628242
370,Image 330,vastala temple,99.90123510360718,1,0,362,9,0.9757412398921833,0.521613832853026
371,Image 239,trailokya mohan,99.89983439445496,1,0,363,9,0.9758064516129032,0.5230547550432276
372,Image 180,shiva temple,99.89684820175171,1,0,364,9,0.9758713136729222,0.5244956772334294
373,Image 187,bhuvana lakshmeshvara,99.89363551139832,1,0,365,9,0.9759358288770054,0.5259365994236311
374,Image 300,bhimsen temple,99.88322854042053,1,0,366,9,0.976,0.5273775216138329
375,Image 162,lalitpur tower,99.88309741020203,1,0,367,9,0.976063829787234,0.5288184438040345
376,Image 348,bhairavnath temple,99.88308548927307,1,0,368,9,0.9761273209549072,0.5302593659942363
377,Image 225,bhagavati temple,99.88024234771729,1,0,369,9,0.9761904761904762,0.531700288184438
378,Image 295,dattatreya temple,99.87951517105103,1,0,370,9,0.9762532981530343,0.5331412103746398
379,Image 37,dattatreya temple,99.8791515827179,0,1,370,10,0.9736842105263158,0.5331412103746398
380,Image 193,lalitpur tower,99.87881779670715,1,0,371,10,0.973753280839895,0.5345821325648416
381,Image 140,jagannatha temple,99.87695813179016,1,0,372,10,0.9738219895287958,0.5360230547550432
382,Image 303,bhairavnath temple,99.86898303031921,1,0,373,10,0.9738903394255874,0.537463976945245
383,Image 298,bhimsen temple,99.86416697502136,1,0,374,10,0.9739583333333334,0.5389048991354467
384,Image 162,gaddi durbar,99.86186027526855,1,0,375,10,0.974025974025974,0.5403458213256485
385,Image 260,taleju bell_BDS,99.86075758934021,1,0,376,10,0.9740932642487047,0.5417867435158501
386,Image 234,basantapur tower,99.85729455947876,1,0,377,10,0.9741602067183462,0.5432276657060519
387,Image 192,shveta bhairava,99.8526930809021,1,0,378,10,0.9742268041237113,0.5446685878962536
388,Image 51,mahadev temple,99.84844326972961,1,0,379,10,0.974293059125964,0.5461095100864554
389,Image 209,trailokya mohan,99.84779953956604,1,0,380,10,0.9743589743589743,0.547550432276657
390,Image 46,palace of the 55 windows,99.84269142150879,1,0,381,10,0.9744245524296675,0.5489913544668588
391,Image 69,kasthamandap,99.83839988708496,1,0,382,10,0.9744897959183674,0.5504322766570605
392,Image 33,siddhi lakshmi temple,99.83243346214294,1,0,383,10,0.9745547073791349,0.5518731988472623
393,Image 320,national gallery,99.8258888721466,1,0,384,10,0.9746192893401016,0.553314121037464
394,Image 175,pratap malla column,99.81489181518555,1,0,385,10,0.9746835443037974,0.5547550432276657
395,Image 229,pratap malla column,99.8103141784668,1,0,386,10,0.9747474747474747,0.5561959654178674
396,Image 3,shveta bhairava,99.79779124259949,1,0,387,10,0.9748110831234257,0.5576368876080692
397,Image 260,siddhi lakshmi temple,99.79425072669983,1,0,388,10,0.9748743718592965,0.5590778097982709
398,Image 231,bhuvana lakshmeshvara,99.78087544441223,1,0,389,10,0.974937343358396,0.5605187319884726
399,Image 305,siddhi lakshmi temple,99.7751772403717,1,0,390,10,0.975,0.5619596541786743
400,Image 163,bhimeleshvara,99.77208971977234,1,0,391,10,0.9750623441396509,0.5634005763688761
401,Image 224,trailokya mohan,99.75506663322449,1,0,392,10,0.9751243781094527,0.5648414985590778
402,Image 225,gaddi durbar,99.74744915962219,1,0,393,10,0.9751861042183623,0.5662824207492796
403,Image 319,gopinath krishna temple,99.7261643409729,1,0,394,10,0.9752475247524752,0.5677233429394812
404,Image 324,vastala temple,99.72169399261475,0,1,394,11,0.9728395061728395,0.5677233429394812
405,Image 306,taleju bell_BDS,99.71953630447388,1,0,395,11,0.9729064039408867,0.569164265129683
406,Image 311,gopinath krishna temple,99.70777034759521,1,0,396,11,0.972972972972973,0.5706051873198847
407,Image 328,palace of the 55 windows,99.70209002494812,1,0,397,11,0.9730392156862745,0.5720461095100865
408,Image 316,narayan temple,99.6880292892456,1,0,398,11,0.9731051344743277,0.5734870317002881
409,Image 27,vastala temple,99.67687129974365,1,0,399,11,0.973170731707317,0.5749279538904899
410,Image 44,indrapura,99.66703057289124,1,0,400,11,0.9732360097323601,0.5763688760806917
411,Image 318,taleju temple,99.66248273849487,1,0,401,11,0.9733009708737864,0.5778097982708934
412,Image 261,golden gate,99.65324401855469,1,0,402,11,0.9733656174334141,0.579250720461095
413,Image 293,trailokya mohan,99.63577389717102,1,0,403,11,0.9734299516908212,0.5806916426512968
414,Image 23,nyatapola temple,99.62382316589355,1,0,404,11,0.9734939759036144,0.5821325648414986
415,Image 205,trailokya mohan,99.61994290351868,1,0,405,11,0.9735576923076923,0.5835734870317003
416,Image 63,bhimeleshvara,99.61614608764648,1,0,406,11,0.973621103117506,0.5850144092219021
417,Image 51,vastala temple,99.60082769393921,1,0,407,11,0.9736842105263158,0.5864553314121037
418,Image 223,kasthamandap,99.56367611885071,1,0,408,11,0.9737470167064439,0.5878962536023055
419,Image 346,pratap malla column,99.54794645309448,1,0,409,11,0.9738095238095238,0.5893371757925072
420,Image 25,vastala temple,99.54026937484741,1,0,410,11,0.9738717339667459,0.590778097982709
421,Image 242,dattatreya temple,99.51061010360718,1,0,411,11,0.9739336492890995,0.5922190201729106
422,Image 20,kala-bhairava,99.50950145721436,1,0,412,11,0.9739952718676123,0.5936599423631124
423,Image 269,gaddi durbar,99.48953986167908,0,1,412,12,0.9716981132075472,0.5936599423631124
424,Image 299,bhimsen temple,99.46815371513367,1,0,413,12,0.971764705882353,0.5951008645533141
425,Image 57,taleju bell_BDS,99.46738481521606,1,0,414,12,0.971830985915493,0.5965417867435159
426,Image 227,narayan temple,99.46119785308838,0,1,414,13,0.9695550351288056,0.5965417867435159
427,Image 197,bhaktapur tower,99.46116209030151,1,0,415,13,0.969626168224299,0.5979827089337176
428,Image 216,kasthamandap,99.45657253265381,1,0,416,13,0.9696969696969697,0.5994236311239193
429,Image 210,garud,99.43690896034241,1,0,417,13,0.9697674418604652,0.600864553314121
430,Image 290,indrapura,99.39845204353333,0,1,417,14,0.9675174013921114,0.600864553314121
431,Image 85,national gallery,99.38672184944153,0,1,417,15,0.9652777777777778,0.600864553314121
432,Image 50,mahadev temple,99.38234090805054,1,0,418,15,0.9653579676674365,0.6023054755043228
433,Image 174,narayan temple,99.36607480049133,1,0,419,15,0.9654377880184332,0.6037463976945245
434,Image 263,basantapur tower,99.35358762741089,1,0,420,15,0.9655172413793104,0.6051873198847262
435,Image 306,bhupatindra malla column,99.3333637714386,1,0,421,15,0.9655963302752294,0.6066282420749279
436,Image 268,lalitpur tower,99.29191470146179,0,1,421,16,0.9633867276887872,0.6066282420749279
437,Image 53,palace of the 55 windows,99.20384883880615,1,0,422,16,0.9634703196347032,0.6080691642651297
438,Image 196,gaddi durbar,99.20223951339722,1,0,423,16,0.9635535307517085,0.6095100864553314
439,Image 310,chayasilin mandap,99.1978406906128,1,0,424,16,0.9636363636363636,0.6109510086455331
440,Image 306,siddhi lakshmi temple,99.18903112411499,1,0,425,16,0.963718820861678,0.6123919308357348
441,Image 157,lalitpur tower,99.17277097702026,1,0,426,16,0.9638009049773756,0.6138328530259366
442,Image 326,vastala temple,99.15800094604492,1,0,427,16,0.963882618510158,0.6152737752161384
443,Image 119,gaddi durbar,99.13738369941711,0,1,427,17,0.9617117117117117,0.6152737752161384
444,Image 302,nyatapola temple,99.11415576934814,1,0,428,17,0.9617977528089887,0.6167146974063401
445,Image 17,siddhi lakshmi temple,99.10306930541992,1,0,429,17,0.9618834080717489,0.6181556195965417
446,Image 311,badrinath temple,99.09812808036804,1,0,430,17,0.9619686800894854,0.6195965417867435
447,Image 209,garud,99.06476140022278,1,0,431,17,0.9620535714285714,0.6210374639769453
448,Image 353,taleju temple,99.04806017875671,1,0,432,17,0.9621380846325167,0.622478386167147
449,Image 79,gaddi durbar,99.03562068939209,0,1,432,18,0.96,0.622478386167147
450,Image 306,palace of the 55 windows,99.03421401977539,1,0,433,18,0.9600886917960089,0.6239193083573487
451,Image 256,golden gate,99.02792572975159,1,0,434,18,0.9601769911504425,0.6253602305475504
452,Image 48,chayasilin mandap,98.9763617515564,1,0,435,18,0.9602649006622517,0.6268011527377522
453,Image 186,bhuvana lakshmeshvara,98.92366528511047,1,0,436,18,0.960352422907489,0.6282420749279539
454,Image 198,basantapur tower,98.8013744354248,1,0,437,18,0.9604395604395605,0.6296829971181557
455,Image 309,fasidega temple,98.79761338233948,0,1,437,19,0.9583333333333334,0.6296829971181557
456,Image 241,shveta bhairava,98.74601364135742,1,0,438,19,0.9584245076586433,0.6311239193083573
457,Image 131,bhimsen temple,98.69596362113953,0,1,438,20,0.9563318777292577,0.6311239193083573
458,Image 119,kasthamandap,98.5365092754364,0,1,438,21,0.954248366013072,0.6311239193083573
459,Image 313,narayan temple,98.49920272827148,1,0,439,21,0.9543478260869566,0.6325648414985591
460,Image 301,taleju temple,98.4282910823822,0,1,439,22,0.9522776572668112,0.6325648414985591
461,Image 24,siddhi lakshmi temple,98.40301275253296,1,0,440,22,0.9523809523809523,0.6340057636887608
462,Image 338,lalitpur tower,98.38461875915527,1,0,441,22,0.9524838012958964,0.6354466858789626
463,Image 50,vastala temple,98.38370680809021,0,1,441,23,0.9504310344827587,0.6354466858789626
464,Image 265,basantapur tower,98.3755350112915,1,0,442,23,0.9505376344086022,0.6368876080691642
465,Image 231,indrapura,98.34470748901367,1,0,443,23,0.9506437768240343,0.638328530259366
466,Image 313,bhuvana lakshmeshvara,98.33366274833679,1,0,444,23,0.9507494646680942,0.6397694524495677
467,Image 216,simha sattal,98.29105734825134,1,0,445,23,0.9508547008547008,0.6412103746397695
468,Image 47,nyatapola temple,98.28958511352539,0,1,445,24,0.9488272921108742,0.6412103746397695
469,Image 329,golden gate,98.22945594787598,0,1,445,25,0.9468085106382979,0.6412103746397695
470,Image 182,jagannatha temple,98.18572998046875,1,0,446,25,0.9469214437367304,0.6426512968299711
471,Image 342,indrapura,98.15965294837952,0,1,446,26,0.9449152542372882,0.6426512968299711
472,Image 133,gopinath krishna temple,98.15800786018372,0,1,446,27,0.9429175475687104,0.6426512968299711
473,Image 289,nyatapola temple,97.88985848426819,0,1,446,28,0.9409282700421941,0.6426512968299711
474,Image 89,golden gate,97.79340624809265,0,1,446,29,0.9389473684210526,0.6426512968299711
475,Image 97,kumari ghar,97.75509238243103,0,1,446,30,0.9369747899159664,0.6426512968299711
476,Image 44,chayasilin mandap,97.59292602539062,0,1,446,31,0.9350104821802935,0.6426512968299711
477,Image 252,golden gate,97.46777415275574,0,1,446,32,0.9330543933054394,0.6426512968299711
478,Image 317,vastala temple,97.44768738746643,1,0,447,32,0.9331941544885177,0.6440922190201729
479,Image 28,chayasilin mandap,97.3841905593872,1,0,448,32,0.9333333333333333,0.6455331412103746
480,Image 36,siddhi lakshmi temple,97.29729890823364,1,0,449,32,0.9334719334719335,0.6469740634005764
481,Image 45,nyatapola temple,97.2724437713623,1,0,450,32,0.9336099585062241,0.6484149855907781
482,Image 126,taleju bell_KDS,97.25871682167053,0,1,450,33,0.9316770186335404,0.6484149855907781
483,Image 246,gopinath krishna temple,97.07176685333252,1,0,451,33,0.9318181818181818,0.6498559077809798
484,Image 36,palace of the 55 windows,96.98498845100403,0,1,451,34,0.9298969072164949,0.6498559077809798
485,Image 316,vishnu temple,96.88771367073059,0,1,451,35,0.9279835390946503,0.6498559077809798
486,Image 49,golden gate,96.71779274940491,1,0,452,35,0.9281314168377823,0.6512968299711815
487,Image 149,kala-bhairava,96.60847783088684,0,1,452,36,0.9262295081967213,0.6512968299711815
488,Image 175,pratap malla column,96.54294848442078,0,1,452,37,0.9243353783231084,0.6512968299711815
489,Image 41,siddhi lakshmi temple,96.48785591125488,1,0,453,37,0.9244897959183673,0.6527377521613833
490,Image 105,palace of the 55 windows,96.47854566574097,0,1,453,38,0.9226069246435845,0.6527377521613833
491,Image 310,golden gate,96.3610827922821,1,0,454,38,0.9227642276422764,0.654178674351585
492,Image 36,vastala temple,96.34307622909546,0,1,454,39,0.920892494929006,0.654178674351585
493,Image 60,basantapur tower,96.33201360702515,1,0,455,39,0.9210526315789473,0.6556195965417867
494,Image 310,kumari ghar,96.10305428504944,0,1,455,40,0.9191919191919192,0.6556195965417867
495,Image 104,national gallery,96.01054191589355,0,1,455,41,0.9173387096774194,0.6556195965417867
496,Image 136,taleju bell_KDS,95.99854350090027,1,0,456,41,0.9175050301810865,0.6570605187319885
497,Image 226,chasin dega,95.82635164260864,1,0,457,41,0.9176706827309237,0.6585014409221902
498,Image 327,siddhi lakshmi temple,95.57074904441833,1,0,458,41,0.9178356713426854,0.659942363112392
499,Image 133,bhimsen temple,95.51902413368225,0,1,458,42,0.916,0.659942363112392
500,Image 93,national gallery,95.46769857406616,0,1,458,43,0.9141716566866267,0.659942363112392
501,Image 28,narayan temple,95.19848823547363,0,1,458,44,0.9123505976095617,0.659942363112392
502,Image 290,narayan temple,95.00834345817566,0,1,458,45,0.9105367793240556,0.659942363112392
503,Image 150,bhimeleshvara,94.89585161209106,0,1,458,46,0.9087301587301587,0.659942363112392
504,Image 53,national gallery,94.83218193054199,0,1,458,47,0.906930693069307,0.659942363112392
505,Image 231,simha sattal,94.7255551815033,0,1,458,48,0.9051383399209486,0.659942363112392
506,Image 317,chayasilin mandap,94.69093084335327,1,0,459,48,0.9053254437869822,0.6613832853025937
507,Image 119,nyatapola temple,94.52999830245972,0,1,459,49,0.9035433070866141,0.6613832853025937
508,Image 77,taleju bell_KDS,94.42934393882751,0,1,459,50,0.9017681728880157,0.6613832853025937
509,Image 123,golden gate,94.15457844734192,0,1,459,51,0.9,0.6613832853025937
510,Image 86,shveta bhairava,93.91138553619385,0,1,459,52,0.898238747553816,0.6613832853025937
511,Image 163,garud,93.47525835037231,0,1,459,53,0.896484375,0.6613832853025937
512,Image 313,jagannatha temple,93.3957576751709,0,1,459,54,0.8947368421052632,0.6613832853025937
513,Image 321,palace of the 55 windows,93.1792676448822,1,0,460,54,0.8949416342412452,0.6628242074927954
514,Image 57,simha sattal,93.03976893424988,0,1,460,55,0.8932038834951457,0.6628242074927954
515,Image 304,taleju temple,92.87077188491821,0,1,460,56,0.8914728682170543,0.6628242074927954
516,Image 216,kavindrapura sattal,92.83747673034668,0,1,460,57,0.8897485493230174,0.6628242074927954
517,Image 26,palace of the 55 windows,92.83300042152405,1,0,461,57,0.88996138996139,0.6642651296829971
518,Image 124,gaddi durbar,92.70082712173462,0,1,461,58,0.8882466281310212,0.6642651296829971
519,Image 110,kumari ghar,92.50001311302185,0,1,461,59,0.8865384615384615,0.6642651296829971
520,Image 316,pratap malla column,92.26974844932556,0,1,461,60,0.8848368522072937,0.6642651296829971
521,Image 91,gaddi durbar,92.19271540641785,0,1,461,61,0.8831417624521073,0.6642651296829971
522,Image 176,kavindrapura sattal,91.97348356246948,1,0,462,61,0.8833652007648184,0.6657060518731989
523,Image 232,golden gate,91.95176959037781,0,1,462,62,0.8816793893129771,0.6657060518731989
524,Image 84,shveta bhairava,90.94288349151611,0,1,462,63,0.88,0.6657060518731989
525,Image 99,golden gate,90.39210677146912,0,1,462,64,0.8783269961977186,0.6657060518731989
526,Image 121,kumari ghar,90.34597277641296,0,1,462,65,0.8766603415559773,0.6657060518731989
527,Image 349,palace of the 55 windows,90.31674861907959,0,1,462,66,0.875,0.6657060518731989
528,Image 263,lalitpur tower,90.27997851371765,0,1,462,67,0.8733459357277883,0.6657060518731989
529,Image 125,national gallery,90.15877842903137,0,1,462,68,0.8716981132075472,0.6657060518731989
530,Image 105,gopinath krishna temple,90.09572863578796,0,1,462,69,0.8700564971751412,0.6657060518731989
531,Image 46,golden gate,90.02092480659485,0,1,462,70,0.868421052631579,0.6657060518731989
532,Image 107,golden gate,89.85292315483093,0,1,462,71,0.8667917448405253,0.6657060518731989
533,Image 313,vishnu temple,89.5601749420166,0,1,462,72,0.8651685393258427,0.6657060518731989
534,Image 33,national gallery,88.9220654964447,0,1,462,73,0.8635514018691589,0.6657060518731989
535,Image 85,simha sattal,88.8082206249237,0,1,462,74,0.8619402985074627,0.6657060518731989
536,Image 342,gopinath krishna temple,88.75261545181274,0,1,462,75,0.8603351955307262,0.6657060518731989
537,Image 348,basantapur tower,88.47242593765259,0,1,462,76,0.8587360594795539,0.6657060518731989
538,Image 311,taleju bell_BDS,88.09773325920105,0,1,462,77,0.8571428571428571,0.6657060518731989
539,Image 78,shveta bhairava,87.94899582862854,0,1,462,78,0.8555555555555555,0.6657060518731989
540,Image 90,kumari ghar,87.79706954956055,0,1,462,79,0.8539741219963032,0.6657060518731989
541,Image 69,trailokya mohan,87.47509717941284,0,1,462,80,0.8523985239852399,0.6657060518731989
542,Image 57,jagannatha temple,87.47279047966003,0,1,462,81,0.850828729281768,0.6657060518731989
543,Image 119,palace of the 55 windows,87.32838034629822,0,1,462,82,0.8492647058823529,0.6657060518731989
544,Image 21,shveta bhairava,87.29098439216614,0,1,462,83,0.8477064220183487,0.6657060518731989
545,Image 342,bhuvana lakshmeshvara,87.14843988418579,1,0,463,83,0.847985347985348,0.6671469740634006
546,Image 59,national gallery,86.51624321937561,1,0,464,83,0.8482632541133455,0.6685878962536023
547,Image 46,palace of the 55 windows,85.6962263584137,0,1,464,84,0.8467153284671532,0.6685878962536023
548,Image 80,gaddi durbar,85.6263518333435,0,1,464,85,0.8451730418943534,0.6685878962536023
549,Image 329,bhupatindra malla column,85.61906218528748,0,1,464,86,0.8436363636363636,0.6685878962536023
550,Image 34,vishnu temple,85.27990579605103,0,1,464,87,0.8421052631578947,0.6685878962536023
551,Image 275,gaddi durbar,84.84524488449097,1,0,465,87,0.842391304347826,0.670028818443804
552,Image 231,narayan temple,84.80261564254761,1,0,466,87,0.8426763110307414,0.6714697406340058
553,Image 34,chayasilin mandap,84.66532826423645,0,1,466,88,0.8411552346570397,0.6714697406340058
554,Image 314,bhupatindra malla column,84.28810834884644,0,1,466,89,0.8396396396396396,0.6714697406340058
555,Image 136,taleju bell_KDS,83.40269327163696,0,1,466,90,0.8381294964028777,0.6714697406340058
556,Image 113,chayasilin mandap,83.30892324447632,0,1,466,91,0.8366247755834829,0.6714697406340058
557,Image 277,jagannatha temple,83.30022096633911,0,1,466,92,0.8351254480286738,0.6714697406340058
558,Image 41,basantapur tower,83.13840627670288,0,1,466,93,0.8336314847942755,0.6714697406340058
559,Image 23,trailokya mohan,83.11785459518433,0,1,466,94,0.8321428571428572,0.6714697406340058
560,Image 231,indrapura,82.76103734970093,0,1,466,95,0.8306595365418895,0.6714697406340058
561,Image 32,vishnu temple,82.46046900749207,0,1,466,96,0.8291814946619217,0.6714697406340058
562,Image 108,taleju bell_KDS,81.77900910377502,0,1,466,97,0.827708703374778,0.6714697406340058
563,Image 289,bhuvana lakshmeshvara,80.75612783432007,0,1,466,98,0.8262411347517731,0.6714697406340058
564,Image 27,bhupatindra malla column,80.3276002407074,0,1,466,99,0.8247787610619469,0.6714697406340058
565,Image 185,taleju temple,80.26944994926453,0,1,466,100,0.823321554770318,0.6714697406340058
566,Image 231,jagannatha temple,80.2493155002594,0,1,466,101,0.8218694885361552,0.6714697406340058
567,Image 77,gaddi durbar,79.40080761909485,0,1,466,102,0.8204225352112676,0.6714697406340058
568,Image 124,mahadev temple,79.33233380317688,0,1,466,103,0.8189806678383128,0.6714697406340058
569,Image 119,chayasilin mandap,79.155433177948,0,1,466,104,0.8175438596491228,0.6714697406340058
570,Image 47,basantapur tower,79.11801934242249,0,1,466,105,0.8161120840630472,0.6714697406340058
571,Image 94,taleju bell_KDS,79.09688949584961,0,1,466,106,0.8146853146853147,0.6714697406340058
572,Image 288,indrapura,78.84677648544312,0,1,466,107,0.8132635253054101,0.6714697406340058
573,Image 81,golden gate,78.65335941314697,0,1,466,108,0.8118466898954704,0.6714697406340058
574,Image 81,shveta bhairava,78.35598587989807,0,1,466,109,0.8104347826086956,0.6714697406340058
575,Image 47,panchamukhi hanuman,77.45863199234009,0,1,466,110,0.8090277777777778,0.6714697406340058
576,Image 313,kasthamandap,77.44765281677246,0,1,466,111,0.8076256499133448,0.6714697406340058
577,Image 107,shveta bhairava,77.36974954605103,0,1,466,112,0.8062283737024222,0.6714697406340058
578,Image 22,palace of the 55 windows,76.96188688278198,0,1,466,113,0.8048359240069085,0.6714697406340058
579,Image 279,jagannatha temple,76.77533030509949,0,1,466,114,0.803448275862069,0.6714697406340058
580,Image 319,bhimsen temple,76.42233371734619,0,1,466,115,0.802065404475043,0.6714697406340058
581,Image 342,vastala temple,76.41705870628357,0,1,466,116,0.8006872852233677,0.6714697406340058
582,Image 342,bhairavnath temple,76.13961100578308,0,1,466,117,0.7993138936535163,0.6714697406340058
583,Image 96,gaddi durbar,75.80075263977051,0,1,466,118,0.797945205479452,0.6714697406340058
584,Image 58,garud,75.48690438270569,0,1,466,119,0.7965811965811965,0.6714697406340058
585,Image 246,jagannatha temple,75.22653937339783,0,1,466,120,0.7952218430034129,0.6714697406340058
586,Image 102,garud,74.74303245544434,0,1,466,121,0.7938671209540034,0.6714697406340058
587,Image 116,palace of the 55 windows,74.65271949768066,0,1,466,122,0.7925170068027211,0.6714697406340058
588,Image 319,lalitpur tower,74.51645135879517,0,1,466,123,0.7911714770797963,0.6714697406340058
589,Image 311,kedamatha tirtha,74.48168992996216,1,0,467,123,0.7915254237288135,0.6729106628242075
590,Image 172,simha sattal,74.09413456916809,0,1,467,124,0.7901861252115059,0.6729106628242075
591,Image 50,gopinath krishna temple,72.77341485023499,0,1,467,125,0.7888513513513513,0.6729106628242075
592,Image 311,chayasilin mandap,72.37498760223389,0,1,467,126,0.7875210792580101,0.6729106628242075
593,Image 290,indrapura,72.24743366241455,0,1,467,127,0.7861952861952862,0.6729106628242075
594,Image 30,vastala temple,72.21272587776184,0,1,467,128,0.7848739495798319,0.6729106628242075
595,Image 112,kumari ghar,71.99228405952454,0,1,467,129,0.7835570469798657,0.6729106628242075
596,Image 151,kumari ghar,71.96770310401917,0,1,467,130,0.7822445561139029,0.6729106628242075
597,Image 209,nyatapola temple,71.16455435752869,0,1,467,131,0.7809364548494984,0.6729106628242075
598,Image 342,jagannatha temple,71.10713124275208,0,1,467,132,0.7796327212020033,0.6729106628242075
599,Image 265,kasthamandap,70.95812559127808,0,1,467,133,0.7783333333333333,0.6729106628242075
600,Image 26,siddhi lakshmi temple,70.55289149284363,0,1,467,134,0.7770382695507487,0.6729106628242075
601,Image 305,mahadev temple,70.51863074302673,0,1,467,135,0.7757475083056479,0.6729106628242075
602,Image 287,gopinath krishna temple,70.45944333076477,0,1,467,136,0.7744610281923715,0.6729106628242075
603,Image 132,vastala temple,70.45572400093079,0,1,467,137,0.7731788079470199,0.6729106628242075
